Report Refresh Date,Site Type,Storage Used (Byte),Report Date,Report Period
2022-09-10,OneDrive,136164126576666,2022-09-10,180
2022-09-10,All,136164126576666,2022-09-10,180
2022-09-10,OneDrive,136255646477154,2022-09-09,180
2022-09-10,All,136255646477154,2022-09-09,180
2022-09-10,OneDrive,136041789896973,2022-09-08,180
2022-09-10,All,136041789896973,2022-09-08,180
2022-09-10,OneDrive,136002849386338,2022-09-07,180
2022-09-10,All,136002849386338,2022-09-07,180
2022-09-10,OneDrive,136202876517630,2022-09-06,180
2022-09-10,All,136202876517630,2022-09-06,180
2022-09-10,OneDrive,135969402603601,2022-09-05,180
2022-09-10,All,135969402603601,2022-09-05,180
2022-09-10,OneDrive,135730806706762,2022-09-04,180
2022-09-10,All,135730806706762,2022-09-04,180
2022-09-10,OneDrive,135743566255238,2022-09-03,180
2022-09-10,All,135743566255238,2022-09-03,180
2022-09-10,OneDrive,135751349755597,2022-09-02,180
2022-09-10,All,135751349755597,2022-09-02,180
2022-09-10,OneDrive,135538558143348,2022-09-01,180
2022-09-10,All,135538558143348,2022-09-01,180
2022-09-10,OneDrive,135181054346794,2022-08-31,180
2022-09-10,All,135181054346794,2022-08-31,180
2022-09-10,OneDrive,134650499621494,2022-08-30,180
2022-09-10,All,134650499621494,2022-08-30,180
2022-09-10,OneDrive,134235260899529,2022-08-29,180
2022-09-10,All,134235260899529,2022-08-29,180
2022-09-10,OneDrive,133803509328694,2022-08-28,180
2022-09-10,All,133803509328694,2022-08-28,180
2022-09-10,OneDrive,133752127637851,2022-08-27,180
2022-09-10,All,133752127637851,2022-08-27,180
2022-09-10,OneDrive,133763184118407,2022-08-26,180
2022-09-10,All,133763184118407,2022-08-26,180
2022-09-10,OneDrive,133567120039008,2022-08-25,180
2022-09-10,All,133567120039008,2022-08-25,180
2022-09-10,OneDrive,133220239734391,2022-08-24,180
2022-09-10,All,133220239734391,2022-08-24,180
2022-09-10,OneDrive,132887038666198,2022-08-23,180
2022-09-10,All,132887038666198,2022-08-23,180
2022-09-10,OneDrive,132095834555695,2022-08-22,180
2022-09-10,All,132095834555695,2022-08-22,180
2022-09-10,OneDrive,132095834555695,2022-08-21,180
2022-09-10,All,132095834555695,2022-08-21,180
2022-09-10,OneDrive,131915980775561,2022-08-20,180
2022-09-10,All,131915980775561,2022-08-20,180
2022-09-10,OneDrive,131915980775561,2022-08-19,180
2022-09-10,All,131915980775561,2022-08-19,180
2022-09-10,OneDrive,131599164133638,2022-08-18,180
2022-09-10,All,131599164133638,2022-08-18,180
2022-09-10,OneDrive,131162376608480,2022-08-17,180
2022-09-10,All,131162376608480,2022-08-17,180
2022-09-10,OneDrive,131162376608480,2022-08-16,180
2022-09-10,All,131162376608480,2022-08-16,180
2022-09-10,OneDrive,130992377714050,2022-08-15,180
2022-09-10,All,130992377714050,2022-08-15,180
2022-09-10,OneDrive,130628680178592,2022-08-14,180
2022-09-10,All,130628680178592,2022-08-14,180
2022-09-10,OneDrive,130470978127911,2022-08-13,180
2022-09-10,All,130470978127911,2022-08-13,180
2022-09-10,OneDrive,130566824430173,2022-08-12,180
2022-09-10,All,130566824430173,2022-08-12,180
2022-09-10,OneDrive,130258977529365,2022-08-11,180
2022-09-10,All,130258977529365,2022-08-11,180
2022-09-10,OneDrive,129902394031753,2022-08-10,180
2022-09-10,All,129902394031753,2022-08-10,180
2022-09-10,OneDrive,129458867798405,2022-08-09,180
2022-09-10,All,129458867798405,2022-08-09,180
2022-09-10,OneDrive,129153060953315,2022-08-08,180
2022-09-10,All,129153060953315,2022-08-08,180
2022-09-10,OneDrive,128624488859074,2022-08-07,180
2022-09-10,All,128624488859074,2022-08-07,180
2022-09-10,OneDrive,128624488859074,2022-08-06,180
2022-09-10,All,128624488859074,2022-08-06,180
2022-09-10,OneDrive,128590005198265,2022-08-05,180
2022-09-10,All,128590005198265,2022-08-05,180
2022-09-10,OneDrive,128099035470944,2022-08-04,180
2022-09-10,All,128099035470944,2022-08-04,180
2022-09-10,OneDrive,128099033739886,2022-08-03,180
2022-09-10,All,128099033739886,2022-08-03,180
2022-09-10,OneDrive,126498993145277,2022-08-02,180
2022-09-10,All,126498993145277,2022-08-02,180
2022-09-10,OneDrive,126497219181311,2022-08-01,180
2022-09-10,All,126497219181311,2022-08-01,180
2022-09-10,OneDrive,126711977560124,2022-07-31,180
2022-09-10,All,126711977560124,2022-07-31,180
2022-09-10,OneDrive,126711977560124,2022-07-30,180
2022-09-10,All,126711977560124,2022-07-30,180
2022-09-10,OneDrive,126711977560124,2022-07-29,180
2022-09-10,All,126711977560124,2022-07-29,180
2022-09-10,OneDrive,125502823666254,2022-07-28,180
2022-09-10,All,125502823666254,2022-07-28,180
2022-09-10,OneDrive,125612133479701,2022-07-27,180
2022-09-10,All,125612133479701,2022-07-27,180
2022-09-10,OneDrive,125612133479701,2022-07-26,180
2022-09-10,All,125612133479701,2022-07-26,180
2022-09-10,OneDrive,125251655426258,2022-07-25,180
2022-09-10,All,125251655426258,2022-07-25,180
2022-09-10,OneDrive,124914442576807,2022-07-24,180
2022-09-10,All,124914442576807,2022-07-24,180
2022-09-10,OneDrive,124800855922659,2022-07-23,180
2022-09-10,All,124800855922659,2022-07-23,180
2022-09-10,OneDrive,124697731902739,2022-07-22,180
2022-09-10,All,124697731902739,2022-07-22,180
2022-09-10,OneDrive,124502324344884,2022-07-21,180
2022-09-10,All,124502324344884,2022-07-21,180
2022-09-10,OneDrive,124144639965061,2022-07-20,180
2022-09-10,All,124144639965061,2022-07-20,180
2022-09-10,OneDrive,123772444076356,2022-07-19,180
2022-09-10,All,123772444076356,2022-07-19,180
2022-09-10,OneDrive,123772444076356,2022-07-18,180
2022-09-10,All,123772444076356,2022-07-18,180
2022-09-10,OneDrive,123243901412676,2022-07-17,180
2022-09-10,All,123243901412676,2022-07-17,180
2022-09-10,OneDrive,123243901412676,2022-07-16,180
2022-09-10,All,123243901412676,2022-07-16,180
2022-09-10,OneDrive,123245780152275,2022-07-15,180
2022-09-10,All,123245780152275,2022-07-15,180
2022-09-10,OneDrive,122857171551180,2022-07-14,180
2022-09-10,All,122857171551180,2022-07-14,180
2022-09-10,OneDrive,122857171551180,2022-07-13,180
2022-09-10,All,122857171551180,2022-07-13,180
2022-09-10,OneDrive,123268271179411,2022-07-12,180
2022-09-10,All,123268271179411,2022-07-12,180
2022-09-10,OneDrive,123043752920613,2022-07-11,180
2022-09-10,All,123043752920613,2022-07-11,180
2022-09-10,OneDrive,122715180075114,2022-07-10,180
2022-09-10,All,122715180075114,2022-07-10,180
2022-09-10,OneDrive,122760061249374,2022-07-09,180
2022-09-10,All,122760061249374,2022-07-09,180
2022-09-10,OneDrive,122638477633425,2022-07-08,180
2022-09-10,All,122638477633425,2022-07-08,180
2022-09-10,OneDrive,122472032984056,2022-07-07,180
2022-09-10,All,122472032984056,2022-07-07,180
2022-09-10,OneDrive,121819548737547,2022-07-06,180
2022-09-10,All,121819548737547,2022-07-06,180
2022-09-10,OneDrive,121819548737547,2022-07-05,180
2022-09-10,All,121819548737547,2022-07-05,180
2022-09-10,OneDrive,121519822920874,2022-07-04,180
2022-09-10,All,121519822920874,2022-07-04,180
2022-09-10,OneDrive,121039418715985,2022-07-03,180
2022-09-10,All,121039418715985,2022-07-03,180
2022-09-10,OneDrive,121058750537230,2022-07-02,180
2022-09-10,All,121058750537230,2022-07-02,180
2022-09-10,OneDrive,120992914951371,2022-07-01,180
2022-09-10,All,120992914951371,2022-07-01,180
2022-09-10,OneDrive,120786981600796,2022-06-30,180
2022-09-10,All,120786981600796,2022-06-30,180
2022-09-10,OneDrive,121497275425438,2022-06-29,180
2022-09-10,All,121497275425438,2022-06-29,180
2022-09-10,OneDrive,121179278714925,2022-06-28,180
2022-09-10,All,121179278714925,2022-06-28,180
2022-09-10,OneDrive,120856756401091,2022-06-27,180
2022-09-10,All,120856756401091,2022-06-27,180
2022-09-10,OneDrive,120538496799382,2022-06-26,180
2022-09-10,All,120538496799382,2022-06-26,180
2022-09-10,OneDrive,120487854803704,2022-06-25,180
2022-09-10,All,120487854803704,2022-06-25,180
2022-09-10,OneDrive,120460476232538,2022-06-24,180
2022-09-10,All,120460476232538,2022-06-24,180
2022-09-10,OneDrive,120151603172303,2022-06-23,180
2022-09-10,All,120151603172303,2022-06-23,180
2022-09-10,OneDrive,119890263516835,2022-06-22,180
2022-09-10,All,119890263516835,2022-06-22,180
2022-09-10,OneDrive,120242780746304,2022-06-21,180
2022-09-10,All,120242780746304,2022-06-21,180
2022-09-10,OneDrive,120260116825665,2022-06-20,180
2022-09-10,All,120260116825665,2022-06-20,180
2022-09-10,OneDrive,119851639495709,2022-06-19,180
2022-09-10,All,119851639495709,2022-06-19,180
2022-09-10,OneDrive,119530405024168,2022-06-18,180
2022-09-10,All,119530405024168,2022-06-18,180
2022-09-10,OneDrive,119544630637788,2022-06-17,180
2022-09-10,All,119544630637788,2022-06-17,180
2022-09-10,OneDrive,119050772345155,2022-06-16,180
2022-09-10,All,119050772345155,2022-06-16,180
2022-09-10,OneDrive,119050772345155,2022-06-15,180
2022-09-10,All,119050772345155,2022-06-15,180
2022-09-10,OneDrive,118998210818040,2022-06-14,180
2022-09-10,All,118998210818040,2022-06-14,180
2022-09-10,OneDrive,119031094396891,2022-06-13,180
2022-09-10,All,119031094396891,2022-06-13,180
2022-09-10,OneDrive,118717087898506,2022-06-12,180
2022-09-10,All,118717087898506,2022-06-12,180
2022-09-10,OneDrive,118641514932552,2022-06-11,180
2022-09-10,All,118641514932552,2022-06-11,180
2022-09-10,OneDrive,118563644042573,2022-06-10,180
2022-09-10,All,118563644042573,2022-06-10,180
2022-09-10,OneDrive,118311233747297,2022-06-09,180
2022-09-10,All,118311233747297,2022-06-09,180
2022-09-10,OneDrive,118008878647685,2022-06-08,180
2022-09-10,All,118008878647685,2022-06-08,180
2022-09-10,OneDrive,117659747746184,2022-06-07,180
2022-09-10,All,117659747746184,2022-06-07,180
2022-09-10,OneDrive,118003267499538,2022-06-06,180
2022-09-10,All,118003267499538,2022-06-06,180
2022-09-10,OneDrive,117568910646492,2022-06-05,180
2022-09-10,All,117568910646492,2022-06-05,180
2022-09-10,OneDrive,117503465216738,2022-06-04,180
2022-09-10,All,117503465216738,2022-06-04,180
2022-09-10,OneDrive,117474474583940,2022-06-03,180
2022-09-10,All,117474474583940,2022-06-03,180
2022-09-10,OneDrive,116416192546354,2022-06-02,180
2022-09-10,All,116416192546354,2022-06-02,180
2022-09-10,OneDrive,116559591261074,2022-06-01,180
2022-09-10,All,116559591261074,2022-06-01,180
2022-09-10,OneDrive,116577478361166,2022-05-31,180
2022-09-10,All,116577478361166,2022-05-31,180
2022-09-10,OneDrive,116643111599921,2022-05-30,180
2022-09-10,All,116643111599921,2022-05-30,180
2022-09-10,OneDrive,116233413118275,2022-05-29,180
2022-09-10,All,116233413118275,2022-05-29,180
2022-09-10,OneDrive,116256368513482,2022-05-28,180
2022-09-10,All,116256368513482,2022-05-28,180
2022-09-10,OneDrive,116256368513482,2022-05-27,180
2022-09-10,All,116256368513482,2022-05-27,180
2022-09-10,OneDrive,116014640915951,2022-05-26,180
2022-09-10,All,116014640915951,2022-05-26,180
2022-09-10,OneDrive,116029957509432,2022-05-25,180
2022-09-10,All,116029957509432,2022-05-25,180
2022-09-10,OneDrive,115782138251748,2022-05-24,180
2022-09-10,All,115782138251748,2022-05-24,180
2022-09-10,OneDrive,115371747760518,2022-05-23,180
2022-09-10,All,115371747760518,2022-05-23,180
2022-09-10,OneDrive,114947587813177,2022-05-22,180
2022-09-10,All,114947587813177,2022-05-22,180
2022-09-10,OneDrive,115015620753052,2022-05-21,180
2022-09-10,All,115015620753052,2022-05-21,180
2022-09-10,OneDrive,115015955761128,2022-05-20,180
2022-09-10,All,115015955761128,2022-05-20,180
2022-09-10,OneDrive,114808155142851,2022-05-19,180
2022-09-10,All,114808155142851,2022-05-19,180
2022-09-10,OneDrive,114643983353794,2022-05-18,180
2022-09-10,All,114643983353794,2022-05-18,180
2022-09-10,OneDrive,114293558416768,2022-05-17,180
2022-09-10,All,114293558416768,2022-05-17,180
2022-09-10,OneDrive,113940632612219,2022-05-16,180
2022-09-10,All,113940632612219,2022-05-16,180
2022-09-10,OneDrive,113820844648697,2022-05-15,180
2022-09-10,All,113820844648697,2022-05-15,180
2022-09-10,OneDrive,113744134598129,2022-05-14,180
2022-09-10,All,113744134598129,2022-05-14,180
2022-09-10,OneDrive,113283225525155,2022-05-13,180
2022-09-10,All,113283225525155,2022-05-13,180
2022-09-10,OneDrive,113283225525155,2022-05-12,180
2022-09-10,All,113283225525155,2022-05-12,180
2022-09-10,OneDrive,112433350935496,2022-05-11,180
2022-09-10,All,112433350935496,2022-05-11,180
2022-09-10,OneDrive,112208625363449,2022-05-10,180
2022-09-10,All,112208625363449,2022-05-10,180
2022-09-10,OneDrive,112001192772363,2022-05-09,180
2022-09-10,All,112001192772363,2022-05-09,180
2022-09-10,OneDrive,111727054095648,2022-05-08,180
2022-09-10,All,111727054095648,2022-05-08,180
2022-09-10,OneDrive,111811334649999,2022-05-07,180
2022-09-10,All,111811334649999,2022-05-07,180
2022-09-10,OneDrive,111843341423665,2022-05-06,180
2022-09-10,All,111843341423665,2022-05-06,180
2022-09-10,OneDrive,111889015148649,2022-05-05,180
2022-09-10,All,111889015148649,2022-05-05,180
2022-09-10,OneDrive,112107607366588,2022-05-04,180
2022-09-10,All,112107607366588,2022-05-04,180
2022-09-10,OneDrive,112107607366588,2022-05-03,180
2022-09-10,All,112107607366588,2022-05-03,180
2022-09-10,OneDrive,112193390863760,2022-05-02,180
2022-09-10,All,112193390863760,2022-05-02,180
2022-09-10,OneDrive,112245999766381,2022-05-01,180
2022-09-10,All,112245999766381,2022-05-01,180
2022-09-10,OneDrive,112245999766381,2022-04-30,180
2022-09-10,All,112245999766381,2022-04-30,180
2022-09-10,OneDrive,112299171627109,2022-04-29,180
2022-09-10,All,112299171627109,2022-04-29,180
2022-09-10,OneDrive,112355403461562,2022-04-28,180
2022-09-10,All,112355403461562,2022-04-28,180
2022-09-10,OneDrive,112204131731765,2022-04-27,180
2022-09-10,All,112204131731765,2022-04-27,180
2022-09-10,OneDrive,112237289888028,2022-04-26,180
2022-09-10,All,112237289888028,2022-04-26,180
2022-09-10,OneDrive,112237289888028,2022-04-25,180
2022-09-10,All,112237289888028,2022-04-25,180
2022-09-10,OneDrive,112237289888028,2022-04-24,180
2022-09-10,All,112237289888028,2022-04-24,180
2022-09-10,OneDrive,112237289888028,2022-04-23,180
2022-09-10,All,112237289888028,2022-04-23,180
2022-09-10,OneDrive,112146572833943,2022-04-22,180
2022-09-10,All,112146572833943,2022-04-22,180
2022-09-10,OneDrive,112146572833943,2022-04-21,180
2022-09-10,All,112146572833943,2022-04-21,180
2022-09-10,OneDrive,112952979935505,2022-04-20,180
2022-09-10,All,112952979935505,2022-04-20,180
2022-09-10,OneDrive,112674962468939,2022-04-19,180
2022-09-10,All,112674962468939,2022-04-19,180
2022-09-10,OneDrive,112366101120559,2022-04-18,180
2022-09-10,All,112366101120559,2022-04-18,180
2022-09-10,OneDrive,111985164576862,2022-04-17,180
2022-09-10,All,111985164576862,2022-04-17,180
2022-09-10,OneDrive,111985164576862,2022-04-16,180
2022-09-10,All,111985164576862,2022-04-16,180
2022-09-10,OneDrive,112350328154507,2022-04-15,180
2022-09-10,All,112350328154507,2022-04-15,180
2022-09-10,OneDrive,111845635680535,2022-04-14,180
2022-09-10,All,111845635680535,2022-04-14,180
2022-09-10,OneDrive,111845635680535,2022-04-13,180
2022-09-10,All,111845635680535,2022-04-13,180
2022-09-10,OneDrive,111228432364571,2022-04-12,180
2022-09-10,All,111228432364571,2022-04-12,180
2022-09-10,OneDrive,110702846356026,2022-04-11,180
2022-09-10,All,110702846356026,2022-04-11,180
2022-09-10,OneDrive,110435575377835,2022-04-10,180
2022-09-10,All,110435575377835,2022-04-10,180
2022-09-10,OneDrive,110435575377835,2022-04-09,180
2022-09-10,All,110435575377835,2022-04-09,180
2022-09-10,OneDrive,110435575377835,2022-04-08,180
2022-09-10,All,110435575377835,2022-04-08,180
2022-09-10,OneDrive,110042697210284,2022-04-07,180
2022-09-10,All,110042697210284,2022-04-07,180
2022-09-10,OneDrive,110335672784207,2022-04-06,180
2022-09-10,All,110335672784207,2022-04-06,180
2022-09-10,OneDrive,110261380917232,2022-04-05,180
2022-09-10,All,110261380917232,2022-04-05,180
2022-09-10,OneDrive,110007176424491,2022-04-04,180
2022-09-10,All,110007176424491,2022-04-04,180
2022-09-10,OneDrive,109821968556131,2022-04-03,180
2022-09-10,All,109821968556131,2022-04-03,180
2022-09-10,OneDrive,109821968556131,2022-04-02,180
2022-09-10,All,109821968556131,2022-04-02,180
2022-09-10,OneDrive,109419277229311,2022-04-01,180
2022-09-10,All,109419277229311,2022-04-01,180
2022-09-10,OneDrive,109750690579252,2022-03-31,180
2022-09-10,All,109750690579252,2022-03-31,180
2022-09-10,OneDrive,108291968950463,2022-03-30,180
2022-09-10,All,108291968950463,2022-03-30,180
2022-09-10,OneDrive,108291968950463,2022-03-29,180
2022-09-10,All,108291968950463,2022-03-29,180
2022-09-10,OneDrive,108291968950463,2022-03-28,180
2022-09-10,All,108291968950463,2022-03-28,180
2022-09-10,OneDrive,107923583461752,2022-03-27,180
2022-09-10,All,107923583461752,2022-03-27,180
2022-09-10,OneDrive,107752789706304,2022-03-26,180
2022-09-10,All,107752789706304,2022-03-26,180
2022-09-10,OneDrive,107807433894246,2022-03-25,180
2022-09-10,All,107807433894246,2022-03-25,180
2022-09-10,OneDrive,107450720033087,2022-03-24,180
2022-09-10,All,107450720033087,2022-03-24,180
2022-09-10,OneDrive,107450720033087,2022-03-23,180
2022-09-10,All,107450720033087,2022-03-23,180
2022-09-10,OneDrive,107328342763638,2022-03-22,180
2022-09-10,All,107328342763638,2022-03-22,180
2022-09-10,OneDrive,106947413674895,2022-03-21,180
2022-09-10,All,106947413674895,2022-03-21,180
2022-09-10,OneDrive,106630971611357,2022-03-20,180
2022-09-10,All,106630971611357,2022-03-20,180
2022-09-10,OneDrive,106535162121223,2022-03-19,180
2022-09-10,All,106535162121223,2022-03-19,180
2022-09-10,OneDrive,106443171662625,2022-03-18,180
2022-09-10,All,106443171662625,2022-03-18,180
2022-09-10,OneDrive,106073127675112,2022-03-17,180
2022-09-10,All,106073127675112,2022-03-17,180
2022-09-10,OneDrive,105743945025656,2022-03-16,180
2022-09-10,All,105743945025656,2022-03-16,180
2022-09-10,OneDrive,105643966664676,2022-03-15,180
2022-09-10,All,105643966664676,2022-03-15,180
