Report Refresh Date,Site Type,Page View Count,Report Date,Report Period
2022-09-10,All,1411,2022-09-10,180
2022-09-10,All,6597,2022-09-09,180
2022-09-10,All,7598,2022-09-08,180
2022-09-10,All,8323,2022-09-07,180
2022-09-10,All,9183,2022-09-06,180
2022-09-10,All,8835,2022-09-05,180
2022-09-10,All,2390,2022-09-04,180
2022-09-10,All,1787,2022-09-03,180
2022-09-10,All,7345,2022-09-02,180
2022-09-10,All,8429,2022-09-01,180
2022-09-10,All,8053,2022-08-31,180
2022-09-10,All,8789,2022-08-30,180
2022-09-10,All,8670,2022-08-29,180
2022-09-10,All,2657,2022-08-28,180
2022-09-10,All,4996,2022-08-27,180
2022-09-10,All,8383,2022-08-26,180
2022-09-10,All,8938,2022-08-25,180
2022-09-10,All,8510,2022-08-24,180
2022-09-10,All,8212,2022-08-23,180
2022-09-10,All,7849,2022-08-22,180
2022-09-10,All,2512,2022-08-21,180
2022-09-10,All,1720,2022-08-20,180
2022-09-10,All,6884,2022-08-19,180
2022-09-10,All,7464,2022-08-18,180
2022-09-10,All,2297,2022-08-17,180
2022-09-10,All,7711,2022-08-16,180
2022-09-10,All,8143,2022-08-15,180
2022-09-10,All,2171,2022-08-14,180
2022-09-10,All,1422,2022-08-13,180
2022-09-10,All,6674,2022-08-12,180
2022-09-10,All,7017,2022-08-11,180
2022-09-10,All,7262,2022-08-10,180
2022-09-10,All,4547,2022-08-09,180
2022-09-10,All,5103,2022-08-08,180
2022-09-10,All,718,2022-08-07,180
2022-09-10,All,489,2022-08-06,180
2022-09-10,All,2583,2022-08-05,180
2022-09-10,All,2769,2022-08-04,180
2022-09-10,All,2611,2022-08-03,180
2022-09-10,All,2623,2022-08-02,180
2022-09-10,All,2814,2022-08-01,180
2022-09-10,All,517,2022-07-31,180
2022-09-10,All,390,2022-07-30,180
2022-09-10,All,2116,2022-07-29,180
2022-09-10,All,2765,2022-07-28,180
2022-09-10,All,2984,2022-07-27,180
2022-09-10,All,3427,2022-07-26,180
2022-09-10,All,3735,2022-07-25,180
2022-09-10,All,541,2022-07-24,180
2022-09-10,All,551,2022-07-23,180
2022-09-10,All,2321,2022-07-22,180
2022-09-10,All,2576,2022-07-21,180
2022-09-10,All,2816,2022-07-20,180
2022-09-10,All,2549,2022-07-19,180
2022-09-10,All,2776,2022-07-18,180
2022-09-10,All,472,2022-07-17,180
2022-09-10,All,279,2022-07-16,180
2022-09-10,All,2062,2022-07-15,180
2022-09-10,All,2165,2022-07-14,180
2022-09-10,All,3839,2022-07-13,180
2022-09-10,All,2456,2022-07-12,180
2022-09-10,All,2862,2022-07-11,180
2022-09-10,All,349,2022-07-10,180
2022-09-10,All,216,2022-07-09,180
2022-09-10,All,2015,2022-07-08,180
2022-09-10,All,2186,2022-07-07,180
2022-09-10,All,2532,2022-07-06,180
2022-09-10,All,3308,2022-07-05,180
2022-09-10,All,2921,2022-07-04,180
2022-09-10,All,666,2022-07-03,180
2022-09-10,All,376,2022-07-02,180
2022-09-10,All,1719,2022-07-01,180
2022-09-10,All,2483,2022-06-30,180
2022-09-10,All,2857,2022-06-29,180
2022-09-10,All,3106,2022-06-28,180
2022-09-10,All,3477,2022-06-27,180
2022-09-10,All,1088,2022-06-26,180
2022-09-10,All,574,2022-06-25,180
2022-09-10,All,2297,2022-06-24,180
2022-09-10,All,3395,2022-06-23,180
2022-09-10,All,3639,2022-06-22,180
2022-09-10,All,3841,2022-06-21,180
2022-09-10,All,3594,2022-06-20,180
2022-09-10,All,1138,2022-06-19,180
2022-09-10,All,710,2022-06-18,180
2022-09-10,All,2683,2022-06-17,180
2022-09-10,All,3425,2022-06-16,180
2022-09-10,All,4597,2022-06-15,180
2022-09-10,All,5753,2022-06-14,180
2022-09-10,All,5525,2022-06-13,180
2022-09-10,All,1959,2022-06-12,180
2022-09-10,All,1193,2022-06-11,180
2022-09-10,All,3494,2022-06-10,180
2022-09-10,All,4547,2022-06-09,180
2022-09-10,All,5761,2022-06-08,180
2022-09-10,All,6202,2022-06-07,180
2022-09-10,All,6437,2022-06-06,180
2022-09-10,All,2429,2022-06-05,180
2022-09-10,All,1177,2022-06-04,180
2022-09-10,All,4953,2022-06-03,180
2022-09-10,All,6057,2022-06-02,180
2022-09-10,All,2630,2022-06-01,180
2022-09-10,All,5379,2022-05-31,180
2022-09-10,All,5759,2022-05-30,180
2022-09-10,All,2291,2022-05-29,180
2022-09-10,All,1386,2022-05-28,180
2022-09-10,All,5021,2022-05-27,180
2022-09-10,All,1482,2022-05-26,180
2022-09-10,All,4396,2022-05-25,180
2022-09-10,All,4873,2022-05-24,180
2022-09-10,All,5744,2022-05-23,180
2022-09-10,All,2135,2022-05-22,180
2022-09-10,All,1291,2022-05-21,180
2022-09-10,All,4633,2022-05-20,180
2022-09-10,All,5724,2022-05-19,180
2022-09-10,All,5706,2022-05-18,180
2022-09-10,All,6793,2022-05-17,180
2022-09-10,All,2139,2022-05-16,180
2022-09-10,All,1325,2022-05-15,180
2022-09-10,All,1219,2022-05-14,180
2022-09-10,All,5363,2022-05-13,180
2022-09-10,All,5521,2022-05-12,180
2022-09-10,All,4353,2022-05-11,180
2022-09-10,All,4391,2022-05-10,180
2022-09-10,All,4206,2022-05-09,180
2022-09-10,All,1089,2022-05-08,180
2022-09-10,All,378,2022-05-07,180
2022-09-10,All,386,2022-05-06,180
2022-09-10,All,347,2022-05-05,180
2022-09-10,All,256,2022-05-04,180
2022-09-10,All,243,2022-05-03,180
2022-09-10,All,133,2022-05-02,180
2022-09-10,All,545,2022-05-01,180
2022-09-10,All,393,2022-04-30,180
2022-09-10,All,624,2022-04-29,180
2022-09-10,All,3293,2022-04-28,180
2022-09-10,All,5345,2022-04-27,180
2022-09-10,All,4855,2022-04-26,180
2022-09-10,All,4846,2022-04-25,180
2022-09-10,All,1512,2022-04-24,180
2022-09-10,All,808,2022-04-23,180
2022-09-10,All,4741,2022-04-22,180
2022-09-10,All,5439,2022-04-21,180
2022-09-10,All,7328,2022-04-20,180
2022-09-10,All,5774,2022-04-19,180
2022-09-10,All,7443,2022-04-18,180
2022-09-10,All,3574,2022-04-17,180
2022-09-10,All,3368,2022-04-16,180
2022-09-10,All,4498,2022-04-15,180
2022-09-10,All,6685,2022-04-14,180
2022-09-10,All,6247,2022-04-13,180
2022-09-10,All,7541,2022-04-12,180
2022-09-10,All,7852,2022-04-11,180
2022-09-10,All,2126,2022-04-10,180
2022-09-10,All,2531,2022-04-09,180
2022-09-10,All,5621,2022-04-08,180
2022-09-10,All,5055,2022-04-07,180
2022-09-10,All,4433,2022-04-06,180
2022-09-10,All,5154,2022-04-05,180
2022-09-10,All,5752,2022-04-04,180
2022-09-10,All,1332,2022-04-03,180
2022-09-10,All,1700,2022-04-02,180
2022-09-10,All,3638,2022-04-01,180
2022-09-10,All,3850,2022-03-31,180
2022-09-10,All,3755,2022-03-30,180
2022-09-10,All,3580,2022-03-29,180
2022-09-10,All,4118,2022-03-28,180
2022-09-10,All,827,2022-03-27,180
2022-09-10,All,1284,2022-03-26,180
2022-09-10,All,2748,2022-03-25,180
2022-09-10,All,3632,2022-03-24,180
2022-09-10,All,2934,2022-03-23,180
2022-09-10,All,3019,2022-03-22,180
2022-09-10,All,2840,2022-03-21,180
2022-09-10,All,539,2022-03-20,180
2022-09-10,All,1314,2022-03-19,180
2022-09-10,All,2776,2022-03-18,180
2022-09-10,All,2894,2022-03-17,180
2022-09-10,All,2872,2022-03-16,180
2022-09-10,All,3116,2022-03-15,180
