Report Refresh Date,Visited Page,Viewed Or Edited,Synced,Shared Internally,Shared Externally,Report Date,Report Period
2022-09-10,610,284,32,1,,2022-09-10,180
2022-09-10,2316,1287,169,37,2,2022-09-09,180
2022-09-10,2516,1571,185,43,,2022-09-08,180
2022-09-10,2603,1487,168,53,1,2022-09-07,180
2022-09-10,2644,1566,182,55,1,2022-09-06,180
2022-09-10,2635,1608,172,55,6,2022-09-05,180
2022-09-10,899,474,56,9,1,2022-09-04,180
2022-09-10,690,303,33,4,2,2022-09-03,180
2022-09-10,2308,1276,148,32,2,2022-09-02,180
2022-09-10,2550,1328,149,34,3,2022-09-01,180
2022-09-10,2483,1394,157,54,4,2022-08-31,180
2022-09-10,2538,1600,165,46,2,2022-08-30,180
2022-09-10,2555,1442,167,51,1,2022-08-29,180
2022-09-10,1007,489,55,3,,2022-08-28,180
2022-09-10,913,557,42,6,,2022-08-27,180
2022-09-10,2379,1360,157,34,2,2022-08-26,180
2022-09-10,2476,1403,155,36,1,2022-08-25,180
2022-09-10,2503,1329,160,32,3,2022-08-24,180
2022-09-10,2490,1405,164,32,,2022-08-23,180
2022-09-10,2503,1504,171,52,2,2022-08-22,180
2022-09-10,943,476,61,12,,2022-08-21,180
2022-09-10,760,367,48,3,,2022-08-20,180
2022-09-10,2179,1302,169,43,2,2022-08-19,180
2022-09-10,2429,1425,160,40,3,2022-08-18,180
2022-09-10,973,431,47,9,,2022-08-17,180
2022-09-10,2515,1459,178,36,5,2022-08-16,180
2022-09-10,2564,1693,168,46,1,2022-08-15,180
2022-09-10,908,487,52,11,1,2022-08-14,180
2022-09-10,672,313,32,6,,2022-08-13,180
2022-09-10,2245,1537,150,37,2,2022-08-12,180
2022-09-10,2329,1828,154,40,,2022-08-11,180
2022-09-10,2118,2090,163,37,1,2022-08-10,180
2022-09-10,1328,1404,173,43,3,2022-08-09,180
2022-09-10,1341,1578,161,54,2,2022-08-08,180
2022-09-10,279,351,60,6,,2022-08-07,180
2022-09-10,180,232,31,5,,2022-08-06,180
2022-09-10,825,1015,166,29,1,2022-08-05,180
2022-09-10,854,1153,150,33,1,2022-08-04,180
2022-09-10,772,1178,156,38,4,2022-08-03,180
2022-09-10,797,1051,170,42,1,2022-08-02,180
2022-09-10,816,1140,165,33,3,2022-08-01,180
2022-09-10,173,281,48,6,,2022-07-31,180
2022-09-10,103,176,33,2,,2022-07-30,180
2022-09-10,628,898,136,29,1,2022-07-29,180
2022-09-10,786,1027,144,33,1,2022-07-28,180
2022-09-10,785,1138,150,40,2,2022-07-27,180
2022-09-10,889,1170,145,37,3,2022-07-26,180
2022-09-10,911,1194,155,41,3,2022-07-25,180
2022-09-10,195,299,48,3,,2022-07-24,180
2022-09-10,152,231,27,7,,2022-07-23,180
2022-09-10,668,1009,138,38,3,2022-07-22,180
2022-09-10,766,1207,149,36,2,2022-07-21,180
2022-09-10,756,1309,147,48,1,2022-07-20,180
2022-09-10,747,1199,151,46,1,2022-07-19,180
2022-09-10,804,1575,137,37,4,2022-07-18,180
2022-09-10,179,300,47,4,,2022-07-17,180
2022-09-10,108,201,19,,1,2022-07-16,180
2022-09-10,696,1014,128,34,1,2022-07-15,180
2022-09-10,729,1031,136,38,,2022-07-14,180
2022-09-10,1052,1395,141,45,5,2022-07-13,180
2022-09-10,757,1047,145,29,2,2022-07-12,180
2022-09-10,798,1063,143,44,4,2022-07-11,180
2022-09-10,124,215,50,4,,2022-07-10,180
2022-09-10,86,165,36,4,,2022-07-09,180
2022-09-10,639,901,137,28,2,2022-07-08,180
2022-09-10,635,986,137,38,4,2022-07-07,180
2022-09-10,664,1027,150,29,2,2022-07-06,180
2022-09-10,760,1131,155,35,3,2022-07-05,180
2022-09-10,838,1274,153,52,4,2022-07-04,180
2022-09-10,225,313,45,3,,2022-07-03,180
2022-09-10,122,217,29,2,,2022-07-02,180
2022-09-10,581,943,125,36,,2022-07-01,180
2022-09-10,732,1088,145,37,2,2022-06-30,180
2022-09-10,783,1125,136,39,2,2022-06-29,180
2022-09-10,829,1119,132,33,1,2022-06-28,180
2022-09-10,769,1140,131,31,2,2022-06-27,180
2022-09-10,310,381,35,6,,2022-06-26,180
2022-09-10,223,286,32,7,,2022-06-25,180
2022-09-10,637,918,116,34,1,2022-06-24,180
2022-09-10,795,1084,118,54,2,2022-06-23,180
2022-09-10,817,1104,140,34,3,2022-06-22,180
2022-09-10,863,1165,153,34,2,2022-06-21,180
2022-09-10,804,1184,137,38,,2022-06-20,180
2022-09-10,298,438,47,4,,2022-06-19,180
2022-09-10,217,312,32,6,,2022-06-18,180
2022-09-10,694,1099,120,31,3,2022-06-17,180
2022-09-10,826,1116,129,35,1,2022-06-16,180
2022-09-10,836,1109,139,30,2,2022-06-15,180
2022-09-10,981,1222,142,33,1,2022-06-14,180
2022-09-10,991,1229,140,40,,2022-06-13,180
2022-09-10,391,483,54,9,,2022-06-12,180
2022-09-10,265,329,31,2,,2022-06-11,180
2022-09-10,818,1046,136,31,,2022-06-10,180
2022-09-10,941,1112,137,20,1,2022-06-09,180
2022-09-10,1074,1253,140,26,1,2022-06-08,180
2022-09-10,1158,1389,147,40,2,2022-06-07,180
2022-09-10,1140,1392,150,43,1,2022-06-06,180
2022-09-10,455,560,47,9,,2022-06-05,180
2022-09-10,262,376,37,6,,2022-06-04,180
2022-09-10,931,1161,138,34,1,2022-06-03,180
2022-09-10,1001,1184,139,35,1,2022-06-02,180
2022-09-10,495,581,48,8,,2022-06-01,180
2022-09-10,987,1166,131,30,,2022-05-31,180
2022-09-10,1032,1280,135,28,,2022-05-30,180
2022-09-10,457,511,46,4,,2022-05-29,180
2022-09-10,318,368,26,1,,2022-05-28,180
2022-09-10,915,1091,120,35,1,2022-05-27,180
2022-09-10,395,460,47,6,,2022-05-26,180
2022-09-10,915,1225,135,32,1,2022-05-25,180
2022-09-10,997,1385,139,34,2,2022-05-24,180
2022-09-10,1000,1388,136,44,3,2022-05-23,180
2022-09-10,431,549,48,4,,2022-05-22,180
2022-09-10,294,398,42,2,,2022-05-21,180
2022-09-10,880,1185,123,20,,2022-05-20,180
2022-09-10,1000,1290,130,41,,2022-05-19,180
2022-09-10,929,1246,130,31,,2022-05-18,180
2022-09-10,1001,1310,128,42,,2022-05-17,180
2022-09-10,435,557,47,14,1,2022-05-16,180
2022-09-10,236,313,21,4,,2022-05-15,180
2022-09-10,236,305,26,5,,2022-05-14,180
2022-09-10,874,1160,116,21,1,2022-05-13,180
2022-09-10,914,1380,111,33,2,2022-05-12,180
2022-09-10,778,1096,121,29,,2022-05-11,180
2022-09-10,744,1095,115,29,1,2022-05-10,180
2022-09-10,739,1033,107,35,1,2022-05-09,180
2022-09-10,212,281,30,1,1,2022-05-08,180
2022-09-10,81,126,15,3,,2022-05-07,180
2022-09-10,67,110,6,,,2022-05-06,180
2022-09-10,65,90,10,,,2022-05-05,180
2022-09-10,56,76,6,,,2022-05-04,180
2022-09-10,58,75,1,1,,2022-05-03,180
2022-09-10,41,57,3,,,2022-05-02,180
2022-09-10,113,134,10,3,,2022-05-01,180
2022-09-10,92,135,17,1,,2022-04-30,180
2022-09-10,127,187,12,1,,2022-04-29,180
2022-09-10,685,946,106,16,1,2022-04-28,180
2022-09-10,871,1105,108,21,,2022-04-27,180
2022-09-10,837,1074,121,33,1,2022-04-26,180
2022-09-10,845,1134,114,27,3,2022-04-25,180
2022-09-10,316,402,52,4,,2022-04-24,180
2022-09-10,218,297,24,3,,2022-04-23,180
2022-09-10,862,1082,104,37,2,2022-04-22,180
2022-09-10,876,1229,119,37,1,2022-04-21,180
2022-09-10,1106,1389,125,36,2,2022-04-20,180
2022-09-10,997,1130,126,34,,2022-04-19,180
2022-09-10,930,1305,123,37,,2022-04-18,180
2022-09-10,452,537,50,9,,2022-04-17,180
2022-09-10,367,393,28,3,,2022-04-16,180
2022-09-10,508,553,31,9,,2022-04-15,180
2022-09-10,989,1273,112,31,,2022-04-14,180
2022-09-10,935,1257,120,37,,2022-04-13,180
2022-09-10,1020,1303,117,27,1,2022-04-12,180
2022-09-10,1021,1328,124,50,2,2022-04-11,180
2022-09-10,375,448,44,6,,2022-04-10,180
2022-09-10,265,312,30,5,,2022-04-09,180
2022-09-10,854,1147,115,35,,2022-04-08,180
2022-09-10,823,1274,119,31,1,2022-04-07,180
2022-09-10,863,1566,124,31,2,2022-04-06,180
2022-09-10,893,1160,129,35,2,2022-04-05,180
2022-09-10,929,1263,130,39,2,2022-04-04,180
2022-09-10,231,330,53,5,1,2022-04-03,180
2022-09-10,138,217,32,3,,2022-04-02,180
2022-09-10,591,879,120,31,2,2022-04-01,180
2022-09-10,654,1011,121,35,5,2022-03-31,180
2022-09-10,638,1028,119,30,2,2022-03-30,180
2022-09-10,666,903,116,30,,2022-03-29,180
2022-09-10,664,974,120,38,1,2022-03-28,180
2022-09-10,188,259,47,3,,2022-03-27,180
2022-09-10,139,183,32,5,,2022-03-26,180
2022-09-10,575,862,121,39,2,2022-03-25,180
2022-09-10,714,1018,127,31,1,2022-03-24,180
2022-09-10,570,892,129,18,1,2022-03-23,180
2022-09-10,571,912,122,29,3,2022-03-22,180
2022-09-10,604,933,145,27,1,2022-03-21,180
2022-09-10,118,226,49,2,,2022-03-20,180
2022-09-10,88,160,34,1,,2022-03-19,180
2022-09-10,440,829,118,29,,2022-03-18,180
2022-09-10,527,889,120,29,1,2022-03-17,180
2022-09-10,507,931,117,24,,2022-03-16,180
2022-09-10,603,956,115,24,1,2022-03-15,180
