Report Refresh Date,Visited Page Count,Report Date,Report Period
2022-09-10,200,2022-09-10,180
2022-09-10,585,2022-09-09,180
2022-09-10,623,2022-09-08,180
2022-09-10,647,2022-09-07,180
2022-09-10,907,2022-09-06,180
2022-09-10,671,2022-09-05,180
2022-09-10,332,2022-09-04,180
2022-09-10,240,2022-09-03,180
2022-09-10,773,2022-09-02,180
2022-09-10,719,2022-09-01,180
2022-09-10,897,2022-08-31,180
2022-09-10,735,2022-08-30,180
2022-09-10,788,2022-08-29,180
2022-09-10,285,2022-08-28,180
2022-09-10,445,2022-08-27,180
2022-09-10,717,2022-08-26,180
2022-09-10,657,2022-08-25,180
2022-09-10,579,2022-08-24,180
2022-09-10,570,2022-08-23,180
2022-09-10,575,2022-08-22,180
2022-09-10,238,2022-08-21,180
2022-09-10,154,2022-08-20,180
2022-09-10,521,2022-08-19,180
2022-09-10,501,2022-08-18,180
2022-09-10,209,2022-08-17,180
2022-09-10,509,2022-08-16,180
2022-09-10,549,2022-08-15,180
2022-09-10,205,2022-08-14,180
2022-09-10,141,2022-08-13,180
2022-09-10,464,2022-08-12,180
2022-09-10,496,2022-08-11,180
2022-09-10,527,2022-08-10,180
2022-09-10,495,2022-08-09,180
2022-09-10,507,2022-08-08,180
2022-09-10,154,2022-08-07,180
2022-09-10,107,2022-08-06,180
2022-09-10,387,2022-08-05,180
2022-09-10,457,2022-08-04,180
2022-09-10,434,2022-08-03,180
2022-09-10,491,2022-08-02,180
2022-09-10,478,2022-08-01,180
2022-09-10,139,2022-07-31,180
2022-09-10,132,2022-07-30,180
2022-09-10,405,2022-07-29,180
2022-09-10,419,2022-07-28,180
2022-09-10,415,2022-07-27,180
2022-09-10,476,2022-07-26,180
2022-09-10,511,2022-07-25,180
2022-09-10,148,2022-07-24,180
2022-09-10,156,2022-07-23,180
2022-09-10,414,2022-07-22,180
2022-09-10,452,2022-07-21,180
2022-09-10,453,2022-07-20,180
2022-09-10,459,2022-07-19,180
2022-09-10,491,2022-07-18,180
2022-09-10,141,2022-07-17,180
2022-09-10,101,2022-07-16,180
2022-09-10,424,2022-07-15,180
2022-09-10,359,2022-07-14,180
2022-09-10,534,2022-07-13,180
2022-09-10,398,2022-07-12,180
2022-09-10,493,2022-07-11,180
2022-09-10,90,2022-07-10,180
2022-09-10,79,2022-07-09,180
2022-09-10,381,2022-07-08,180
2022-09-10,422,2022-07-07,180
2022-09-10,399,2022-07-06,180
2022-09-10,553,2022-07-05,180
2022-09-10,476,2022-07-04,180
2022-09-10,168,2022-07-03,180
2022-09-10,125,2022-07-02,180
2022-09-10,344,2022-07-01,180
2022-09-10,476,2022-06-30,180
2022-09-10,426,2022-06-29,180
2022-09-10,478,2022-06-28,180
2022-09-10,407,2022-06-27,180
2022-09-10,136,2022-06-26,180
2022-09-10,117,2022-06-25,180
2022-09-10,363,2022-06-24,180
2022-09-10,436,2022-06-23,180
2022-09-10,412,2022-06-22,180
2022-09-10,449,2022-06-21,180
2022-09-10,480,2022-06-20,180
2022-09-10,149,2022-06-19,180
2022-09-10,101,2022-06-18,180
2022-09-10,382,2022-06-17,180
2022-09-10,447,2022-06-16,180
2022-09-10,398,2022-06-15,180
2022-09-10,468,2022-06-14,180
2022-09-10,497,2022-06-13,180
2022-09-10,153,2022-06-12,180
2022-09-10,122,2022-06-11,180
2022-09-10,417,2022-06-10,180
2022-09-10,468,2022-06-09,180
2022-09-10,446,2022-06-08,180
2022-09-10,427,2022-06-07,180
2022-09-10,493,2022-06-06,180
2022-09-10,172,2022-06-05,180
2022-09-10,136,2022-06-04,180
2022-09-10,455,2022-06-03,180
2022-09-10,464,2022-06-02,180
2022-09-10,207,2022-06-01,180
2022-09-10,382,2022-05-31,180
2022-09-10,428,2022-05-30,180
2022-09-10,198,2022-05-29,180
2022-09-10,130,2022-05-28,180
2022-09-10,486,2022-05-27,180
2022-09-10,157,2022-05-26,180
2022-09-10,411,2022-05-25,180
2022-09-10,371,2022-05-24,180
2022-09-10,408,2022-05-23,180
2022-09-10,168,2022-05-22,180
2022-09-10,128,2022-05-21,180
2022-09-10,371,2022-05-20,180
2022-09-10,368,2022-05-19,180
2022-09-10,318,2022-05-18,180
2022-09-10,403,2022-05-17,180
2022-09-10,216,2022-05-16,180
2022-09-10,99,2022-05-15,180
2022-09-10,123,2022-05-14,180
2022-09-10,345,2022-05-13,180
2022-09-10,432,2022-05-12,180
2022-09-10,338,2022-05-11,180
2022-09-10,330,2022-05-10,180
2022-09-10,304,2022-05-09,180
2022-09-10,107,2022-05-08,180
2022-09-10,57,2022-05-07,180
2022-09-10,62,2022-05-06,180
2022-09-10,54,2022-05-05,180
2022-09-10,38,2022-05-04,180
2022-09-10,57,2022-05-03,180
2022-09-10,31,2022-05-02,180
2022-09-10,66,2022-05-01,180
2022-09-10,64,2022-04-30,180
2022-09-10,93,2022-04-29,180
2022-09-10,267,2022-04-28,180
2022-09-10,312,2022-04-27,180
2022-09-10,330,2022-04-26,180
2022-09-10,334,2022-04-25,180
2022-09-10,151,2022-04-24,180
2022-09-10,100,2022-04-23,180
2022-09-10,332,2022-04-22,180
2022-09-10,356,2022-04-21,180
2022-09-10,338,2022-04-20,180
2022-09-10,350,2022-04-19,180
2022-09-10,372,2022-04-18,180
2022-09-10,223,2022-04-17,180
2022-09-10,165,2022-04-16,180
2022-09-10,160,2022-04-15,180
2022-09-10,436,2022-04-14,180
2022-09-10,403,2022-04-13,180
2022-09-10,381,2022-04-12,180
2022-09-10,385,2022-04-11,180
2022-09-10,144,2022-04-10,180
2022-09-10,99,2022-04-09,180
2022-09-10,301,2022-04-08,180
2022-09-10,313,2022-04-07,180
2022-09-10,271,2022-04-06,180
2022-09-10,315,2022-04-05,180
2022-09-10,358,2022-04-04,180
2022-09-10,144,2022-04-03,180
2022-09-10,111,2022-04-02,180
2022-09-10,258,2022-04-01,180
2022-09-10,261,2022-03-31,180
2022-09-10,324,2022-03-30,180
2022-09-10,313,2022-03-29,180
2022-09-10,271,2022-03-28,180
2022-09-10,98,2022-03-27,180
2022-09-10,67,2022-03-26,180
2022-09-10,286,2022-03-25,180
2022-09-10,288,2022-03-24,180
2022-09-10,267,2022-03-23,180
2022-09-10,275,2022-03-22,180
2022-09-10,243,2022-03-21,180
2022-09-10,77,2022-03-20,180
2022-09-10,66,2022-03-19,180
2022-09-10,244,2022-03-18,180
2022-09-10,246,2022-03-17,180
2022-09-10,280,2022-03-16,180
2022-09-10,274,2022-03-15,180
